epoch,time,train/box_loss,train/cls_loss,train/dfl_loss,metrics/precision(B),metrics/recall(B),metrics/mAP50(B),metrics/mAP50-95(B),val/box_loss,val/cls_loss,val/dfl_loss,lr/pg0,lr/pg1,lr/pg2
1,5.79269,4.04139,51.3331,1.68505,0.00078,0.01099,7e-05,2e-05,4.76801,1449.42,2.48487,0.00052,0.00052,0.00052
2,9.20624,4.78963,7.5797,1.61177,0,0,0,0,5.51084,7016.87,4.02242,0.0010565,0.0010565,0.0010565
3,12.2751,4.85329,4.78645,1.44614,0,0,0,0,nan,nan,nan,0.00158944,0.00158944,0.00158944
4,15.4602,4.82154,4.56508,1.3417,0,0,0,0,0.06608,inf,0.07203,0.0019802,0.0019802,0.0019802
5,18.6129,4.85958,4.45221,1.30578,0,0,0,0,nan,nan,nan,0.0019736,0.0019736,0.0019736
6,21.7535,4.6306,4.51985,1.29379,0,0,0,0,nan,nan,nan,0.001967,0.001967,0.001967
7,24.8704,4.81911,4.60725,1.2187,0,0,0,0,3.15482,140.577,0.80978,0.0019604,0.0019604,0.0019604
8,27.9668,4.73254,4.59502,1.25833,0,0,0,0,5.64606,4.76383,1.49208,0.0019538,0.0019538,0.0019538
9,31.0535,4.81726,4.57332,1.207,0,0,0,0,5.9215,3.98976,1.61044,0.0019472,0.0019472,0.0019472
10,34.2537,4.77415,4.55328,1.17614,0,0,0,0,5.865,4.0451,1.5993,0.0019406,0.0019406,0.0019406
11,37.2742,4.76836,4.52296,1.1821,0,0,0,0,5.74883,4.20814,1.4057,0.001934,0.001934,0.001934
12,40.4378,4.71644,4.51157,1.18103,0,0,0,0,5.58581,5.02086,1.92222,0.0019274,0.0019274,0.0019274
13,43.549,4.66927,4.56309,1.19874,0,0,0,0,4.62128,5.71941,2.43199,0.0019208,0.0019208,0.0019208
14,46.7288,4.74036,4.51925,1.16971,0,0,0,0,5.34388,4.58229,1.38197,0.0019142,0.0019142,0.0019142
15,49.8316,4.82078,4.54418,1.14416,0,0,0,0,5.57424,4.26995,1.22069,0.0019076,0.0019076,0.0019076
16,53.0709,4.78128,4.52258,1.13503,0,0,0,0,5.14343,4.65835,0.94476,0.001901,0.001901,0.001901
17,56.2389,4.72068,4.49048,1.12559,0,0,0,0,5.89952,3.88821,1.31517,0.0018944,0.0018944,0.0018944
18,59.3451,4.65205,4.4997,1.14545,0,0,0,0,5.86508,3.91495,1.40047,0.0018878,0.0018878,0.0018878
19,62.6464,4.79681,4.4667,1.18076,0,0,0,0,5.79331,3.96483,1.48333,0.0018812,0.0018812,0.0018812
20,65.7849,4.65571,4.48171,1.19278,0,0,0,0,5.91808,3.96926,1.60379,0.0018746,0.0018746,0.0018746
21,68.8529,4.60467,4.4018,1.17453,0,0,0,0,6.07044,4.23995,1.78723,0.001868,0.001868,0.001868
22,72.0792,4.62607,4.42447,1.15603,0,0,0,0,5.88076,4.9723,1.76982,0.0018614,0.0018614,0.0018614
23,75.5228,4.6637,4.38334,1.17523,0,0,0,0,5.86566,4.0752,1.4909,0.0018548,0.0018548,0.0018548
24,78.7477,4.77542,4.40319,1.17902,0,0,0,0,5.68877,3.71636,1.20441,0.0018482,0.0018482,0.0018482
25,82.03,4.67785,4.42326,1.16018,0,0,0,0,5.44447,3.72149,1.15151,0.0018416,0.0018416,0.0018416
26,85.2328,4.56959,4.38316,1.16575,0,0,0,0,5.20432,4.32442,1.32462,0.001835,0.001835,0.001835
27,88.4445,4.71282,4.39366,1.2008,0,0,0,0,5.50467,4.17967,1.30558,0.0018284,0.0018284,0.0018284
28,91.7417,4.63891,4.34301,1.17177,0,0,0,0,5.74595,4.06298,1.51764,0.0018218,0.0018218,0.0018218
29,95.0534,4.70928,4.26442,1.19165,0,0,0,0,5.95883,3.76066,1.68135,0.0018152,0.0018152,0.0018152
30,98.2872,4.75518,4.33105,1.1726,0,0,0,0,5.93515,3.91155,1.4859,0.0018086,0.0018086,0.0018086
31,101.704,4.70759,4.31106,1.17391,0,0,0,0,5.87362,3.72017,1.47565,0.001802,0.001802,0.001802
32,105.077,4.72272,4.27074,1.19092,0,0,0,0,5.91707,4.48979,1.3707,0.0017954,0.0017954,0.0017954
33,108.268,4.76726,4.28426,1.18105,0,0,0,0,5.93448,4.91554,1.60315,0.0017888,0.0017888,0.0017888
34,111.554,4.65076,4.23469,1.15895,0,0,0,0,5.97926,4.18591,1.59452,0.0017822,0.0017822,0.0017822
35,115.105,4.6249,4.20668,1.18324,0,0,0,0,5.97653,3.89591,1.43952,0.0017756,0.0017756,0.0017756
36,118.337,4.8849,4.13049,1.19587,0,0,0,0,5.86361,4.77554,1.35588,0.001769,0.001769,0.001769
37,121.649,4.71832,4.1603,1.14888,0,0,0,0,5.91549,3.91367,1.40358,0.0017624,0.0017624,0.0017624
38,125.022,4.69322,4.08393,1.11509,0,0,0,0,5.86399,4.09855,1.33385,0.0017558,0.0017558,0.0017558
39,128.367,4.6736,4.15435,1.13597,0,0,0,0,5.69307,3.45151,1.30035,0.0017492,0.0017492,0.0017492
40,131.866,4.66232,4.05905,1.14412,0,0,0,0,5.6452,3.7746,1.35607,0.0017426,0.0017426,0.0017426
41,135.188,4.52471,4.07891,1.17071,0,0,0,0,5.77868,3.71163,1.54777,0.001736,0.001736,0.001736
42,138.485,4.57427,4.00527,1.1758,0,0,0,0,5.9794,3.47651,1.52777,0.0017294,0.0017294,0.0017294
43,141.901,4.78128,3.9684,1.17489,0,0,0,0,6.16925,4.1954,1.75537,0.0017228,0.0017228,0.0017228
44,145.366,4.72782,3.96509,1.13784,0,0,0,0,6.07758,4.60823,1.52251,0.0017162,0.0017162,0.0017162
45,148.567,4.60613,3.93256,1.14349,0,0,0,0,5.97713,4.10074,1.53162,0.0017096,0.0017096,0.0017096
46,152.129,4.61419,3.94274,1.12734,0,0,0,0,5.95513,4.30726,1.40372,0.001703,0.001703,0.001703
47,155.662,4.66944,3.90575,1.17456,0,0,0,0,5.94543,4.98529,1.59648,0.0016964,0.0016964,0.0016964
48,159.089,4.71553,3.91728,1.17679,0,0,0,0,6.11729,4.16479,1.43494,0.0016898,0.0016898,0.0016898
49,162.515,4.60206,3.84753,1.13453,0,0,0,0,5.78038,3.61522,1.22276,0.0016832,0.0016832,0.0016832
50,165.917,4.66648,3.78752,1.16031,0,0,0,0,6.01122,3.81452,1.31995,0.0016766,0.0016766,0.0016766
51,169.251,4.76078,3.82448,1.1602,0,0,0,0,6.18241,3.86891,1.43819,0.00167,0.00167,0.00167
52,172.533,4.56355,3.77989,1.13324,0,0,0,0,5.98653,4.54005,1.44506,0.0016634,0.0016634,0.0016634
53,175.886,4.49119,3.79837,1.13767,0,0,0,0,5.7312,4.3998,1.20814,0.0016568,0.0016568,0.0016568
54,179.186,4.64659,3.89549,1.10223,0,0,0,0,5.71201,3.874,1.03293,0.0016502,0.0016502,0.0016502
55,182.516,4.74973,3.84847,1.08166,0,0,0,0,5.37299,2.99715,1.00865,0.0016436,0.0016436,0.0016436
56,186.013,4.63182,3.82422,1.13564,0,0,0,0,5.66695,3.18889,1.07723,0.001637,0.001637,0.001637
57,189.374,4.70311,3.90669,1.12663,0,0,0,0,5.90721,4.0633,1.42338,0.0016304,0.0016304,0.0016304
58,192.911,4.77311,3.81529,1.14243,0,0,0,0,5.99334,4.01517,1.63946,0.0016238,0.0016238,0.0016238
59,196.304,4.70182,3.82411,1.12186,0,0,0,0,5.75117,3.54478,1.19694,0.0016172,0.0016172,0.0016172
60,199.734,4.61189,3.73965,1.10664,0,0,0,0,5.77551,4.67348,1.18934,0.0016106,0.0016106,0.0016106
61,203.374,4.77573,3.79532,1.11704,0,0,0,0,5.9877,3.19452,1.39416,0.001604,0.001604,0.001604
62,207.371,4.71882,3.73424,1.10332,0,0,0,0,5.58394,3.00583,1.23927,0.0015974,0.0015974,0.0015974
63,211.014,4.81749,3.60967,1.13158,0.00022,0.01099,0.00076,8e-05,5.37982,2.99992,1.20262,0.0015908,0.0015908,0.0015908
64,214.962,4.73929,3.72721,1.13579,0.00164,0.08791,0.00708,0.00078,4.86771,2.77537,1.14685,0.0015842,0.0015842,0.0015842
65,218.771,4.74136,3.7324,1.10711,0.00105,0.0989,0.00115,0.00013,4.87169,3.19327,1.11664,0.0015776,0.0015776,0.0015776
66,222.424,4.50369,3.73069,1.11022,0,0,0,0,5.54085,4.10783,0.96595,0.001571,0.001571,0.001571
67,226.183,4.62831,3.64789,1.10445,0,0,0,0,5.24091,3.25697,0.9003,0.0015644,0.0015644,0.0015644
68,229.842,4.58197,3.60645,1.12342,0,0,0,0,5.86513,3.51646,1.13787,0.0015578,0.0015578,0.0015578
69,233.551,4.6327,3.48733,1.09253,0,0,0,0,5.17251,3.77438,0.94138,0.0015512,0.0015512,0.0015512
70,237.168,4.72331,3.50876,1.08331,0,0,0,0,4.99092,3.86457,0.95126,0.0015446,0.0015446,0.0015446
71,240.642,4.52595,3.55826,1.05491,0,0,0,0,4.52645,4.0361,0.92157,0.001538,0.001538,0.001538
72,244.155,4.52248,3.64864,1.1017,0.00044,0.02198,0.00024,2e-05,5.06194,3.62256,0.89718,0.0015314,0.0015314,0.0015314
73,247.673,4.65117,3.67454,1.12694,0.00032,0.02198,0.00019,2e-05,5.51225,3.38396,1.17312,0.0015248,0.0015248,0.0015248
74,251.405,4.62352,3.70969,1.15005,0.00282,0.15385,0.00192,0.0002,4.7578,3.42232,0.97527,0.0015182,0.0015182,0.0015182
75,255.187,4.59179,3.57566,1.07104,0.00059,0.02198,0.00036,4e-05,5.14912,3.2318,0.91595,0.0015116,0.0015116,0.0015116
76,258.96,4.52386,3.66324,1.10172,0.00321,0.14286,0.00207,0.00021,4.86994,3.39922,0.93003,0.001505,0.001505,0.001505
77,262.777,4.67363,3.79255,1.11379,0.00078,0.06593,0.00045,5e-05,4.78528,3.53902,0.86905,0.0014984,0.0014984,0.0014984
78,266.901,4.57734,3.6941,1.1149,0.00485,0.2967,0.00337,0.00079,4.20757,3.48834,0.73548,0.0014918,0.0014918,0.0014918
79,270.572,4.64963,3.68504,1.10321,0.00935,0.3956,0.00677,0.00187,3.74509,3.50673,0.73567,0.0014852,0.0014852,0.0014852
80,274.374,4.62783,3.57192,1.08885,0.00683,0.40659,0.00501,0.00143,3.82493,3.39459,0.79084,0.0014786,0.0014786,0.0014786
81,278.006,4.48509,3.47206,1.0515,0.0065,0.28571,0.00466,0.00066,4.4519,3.14533,0.79266,0.001472,0.001472,0.001472
82,281.647,4.5741,3.48193,1.07301,0.00249,0.07692,0.0016,0.0002,4.98272,2.71369,0.91855,0.0014654,0.0014654,0.0014654
83,285.298,4.57848,3.57356,1.07029,0.00241,0.13187,0.00183,0.00018,4.69409,2.9435,0.7624,0.0014588,0.0014588,0.0014588
84,288.889,4.61271,3.56695,1.10199,0.00156,0.1978,0.00109,0.00022,4.67793,3.71258,0.84835,0.0014522,0.0014522,0.0014522
85,292.449,4.63048,3.55888,1.0704,0.00051,0.05495,0.00027,5e-05,4.8203,3.80701,0.76598,0.0014456,0.0014456,0.0014456
86,296.051,4.54207,3.55537,1.04551,0.00112,0.12088,0.00074,0.00015,5.01175,3.61119,0.86917,0.001439,0.001439,0.001439
87,299.684,4.49428,3.45341,1.06817,0.0017,0.12088,0.0013,0.00024,4.90661,3.15714,0.86769,0.0014324,0.0014324,0.0014324
88,303.332,4.50439,3.41758,1.09035,0.00316,0.23077,0.00197,0.00061,3.88135,3.82001,0.78119,0.0014258,0.0014258,0.0014258
89,306.986,4.56543,3.49271,1.05584,0.00462,0.27473,0.00295,0.00127,3.40834,3.61205,0.72815,0.0014192,0.0014192,0.0014192
90,310.915,4.7427,3.59383,1.05953,0.00552,0.26374,0.00781,0.00123,4.39985,2.91684,0.807,0.0014126,0.0014126,0.0014126
91,314.905,4.43798,3.59704,1.07182,0.00527,0.27473,0.00488,0.00118,4.16408,3.04163,0.8587,0.001406,0.001406,0.001406
92,318.621,4.5739,3.48671,1.08392,0.00455,0.27473,0.00389,0.00054,4.61045,3.18564,0.90891,0.0013994,0.0013994,0.0013994
93,322.36,4.59242,3.4303,1.04943,0.0054,0.28571,0.00954,0.00109,4.66035,2.8375,0.90121,0.0013928,0.0013928,0.0013928
94,326.046,4.57412,3.56288,1.04752,0.00125,0.16484,0.00086,0.00024,5.02087,3.14316,0.86653,0.0013862,0.0013862,0.0013862
95,329.772,4.80477,3.52008,1.09492,0.00151,0.1978,0.00226,0.00034,4.66242,3.05426,0.91989,0.0013796,0.0013796,0.0013796
96,333.545,4.61625,3.39927,1.0521,0.00386,0.21978,0.01489,0.00284,4.62875,2.56923,0.90545,0.001373,0.001373,0.001373
97,337.173,4.70066,3.54506,1.06353,0.00061,0.04396,0.00147,0.00029,5.12036,3.01085,0.93821,0.0013664,0.0013664,0.0013664
98,340.891,4.52597,3.46875,1.03195,0.00016,0.01099,8e-05,1e-05,5.23206,2.94867,1.01556,0.0013598,0.0013598,0.0013598
99,344.806,4.51091,3.48533,1.07204,0.00445,0.1978,0.0216,0.00387,4.77492,2.70256,0.93409,0.0013532,0.0013532,0.0013532
100,348.356,4.62472,3.36999,1.06561,0.00666,0.2967,0.0134,0.00158,4.5368,2.6411,0.87242,0.0013466,0.0013466,0.0013466
101,351.916,4.56968,3.37497,1.04376,0.00689,0.30769,0.00643,0.0012,4.28576,3.09587,0.76413,0.00134,0.00134,0.00134
102,355.588,4.55794,3.36319,0.98742,0.00568,0.32967,0.00692,0.00105,4.36792,2.97472,0.82491,0.0013334,0.0013334,0.0013334
103,359.252,4.63667,3.54092,0.99048,0.00428,0.21978,0.0037,0.00048,4.70623,2.94817,0.92122,0.0013268,0.0013268,0.0013268
104,362.783,4.52163,3.40944,1.0264,0.00072,0.05495,0.00041,6e-05,5.03935,2.73663,1.12079,0.0013202,0.0013202,0.0013202
105,366.323,4.53792,3.29093,1.06087,0.0004,0.03297,0.00021,2e-05,5.26707,2.8247,1.23628,0.0013136,0.0013136,0.0013136
106,369.923,4.58996,3.32097,1.00334,0.00216,0.07692,0.00198,0.0003,4.86918,2.68778,1.00002,0.001307,0.001307,0.001307
107,373.565,4.54952,3.31934,1.00215,0.00429,0.15385,0.00456,0.00072,4.61419,2.89094,0.96667,0.0013004,0.0013004,0.0013004
108,377.266,4.60983,3.39332,1.04711,0.00671,0.32967,0.00607,0.00176,4.04361,2.97516,0.86564,0.0012938,0.0012938,0.0012938
109,380.781,4.51502,3.34716,1.05617,0.00517,0.36264,0.00678,0.00153,4.04515,2.95558,0.83722,0.0012872,0.0012872,0.0012872
110,384.451,4.58597,3.29297,1.02269,0.00461,0.31868,0.0033,0.00115,4.05868,3.20548,0.75725,0.0012806,0.0012806,0.0012806
111,387.938,4.53182,3.22002,1.00581,0.00694,0.31868,0.005,0.00195,4.00182,3.10979,0.75346,0.001274,0.001274,0.001274
112,391.419,4.54121,3.28162,0.9807,0.01126,0.36264,0.01102,0.00257,4.10667,2.79797,0.75103,0.0012674,0.0012674,0.0012674
113,395.123,4.55391,3.32845,0.99393,0.01054,0.40659,0.01617,0.00415,3.72651,2.77771,0.73516,0.0012608,0.0012608,0.0012608
114,398.752,4.48329,3.42207,1.03106,0.01421,0.37363,0.01694,0.00436,3.90658,2.97933,0.73432,0.0012542,0.0012542,0.0012542
115,402.439,4.56111,3.38395,1.02961,0.00924,0.27473,0.00793,0.00237,4.18224,2.761,0.73734,0.0012476,0.0012476,0.0012476
116,405.968,4.62621,3.44509,1.02818,0.00383,0.15385,0.00292,0.00095,4.15119,2.6783,0.80522,0.001241,0.001241,0.001241
117,409.454,4.47922,3.35897,1.04748,0.00277,0.10989,0.0024,0.00085,4.32099,2.69863,0.83855,0.0012344,0.0012344,0.0012344
118,412.958,4.4947,3.2506,1.01763,0.00663,0.20879,0.00586,0.00157,4.28596,2.54376,0.82825,0.0012278,0.0012278,0.0012278
119,416.505,4.42622,3.41356,1.00818,0.01324,0.34066,0.01408,0.00292,4.10259,2.76347,0.74897,0.0012212,0.0012212,0.0012212
120,420.077,4.59478,3.40637,1.03529,0.00697,0.2967,0.00731,0.00179,4.24202,2.82313,0.82323,0.0012146,0.0012146,0.0012146
121,423.585,4.48787,3.38482,1.06004,0.00725,0.35165,0.00803,0.00222,3.99319,2.86295,0.85756,0.001208,0.001208,0.001208
122,427.119,4.68864,3.32826,1.02867,0.01203,0.38462,0.03412,0.00635,4.14685,2.37273,0.82265,0.0012014,0.0012014,0.0012014
123,430.688,4.49979,3.28681,1.00972,0.01181,0.45055,0.04306,0.01068,3.88884,2.57224,0.75564,0.0011948,0.0011948,0.0011948
124,434.508,4.50379,3.3708,1.01432,0.00945,0.3956,0.04583,0.00796,4.27417,2.53004,0.86892,0.0011882,0.0011882,0.0011882
125,437.967,4.40162,3.20145,1.01412,0.00824,0.13187,0.00504,0.00095,4.72442,3.22086,1.12172,0.0011816,0.0011816,0.0011816
126,441.429,4.55512,3.29121,1.05853,0.00599,0.13187,0.0041,0.00055,4.93489,3.01364,1.22967,0.001175,0.001175,0.001175
127,445.039,4.38801,3.27934,1.01587,0.0067,0.20879,0.00448,0.00055,4.78684,3.07756,1.02823,0.0011684,0.0011684,0.0011684
128,448.593,4.49989,3.33226,1.01129,0.00515,0.15385,0.00336,0.00054,4.68097,3.23304,0.97959,0.0011618,0.0011618,0.0011618
129,452.046,4.36181,3.25123,1.00946,0.00729,0.28571,0.00975,0.00136,4.42398,2.55993,0.85746,0.0011552,0.0011552,0.0011552
130,455.627,4.44986,3.20701,0.98747,0.00771,0.32967,0.01676,0.0033,4.17207,2.43134,0.8171,0.0011486,0.0011486,0.0011486
131,459.207,4.51114,3.23771,1.04365,0.00628,0.28571,0.01654,0.00332,4.32355,2.63114,0.89555,0.001142,0.001142,0.001142
132,462.786,4.5218,3.17714,1.0366,0.00967,0.37363,0.02373,0.00465,4.17216,2.44061,0.84143,0.0011354,0.0011354,0.0011354
133,466.24,4.46014,3.1233,1.02755,0.02355,0.52747,0.02967,0.00809,3.6476,2.56187,0.72148,0.0011288,0.0011288,0.0011288
134,469.824,4.51314,3.20079,1.02083,0.01396,0.31868,0.02747,0.00393,4.46151,2.20674,0.8536,0.0011222,0.0011222,0.0011222
135,473.477,4.4384,3.12843,1.02742,0.01299,0.36264,0.0199,0.00245,4.38809,2.34533,0.77016,0.0011156,0.0011156,0.0011156
136,477.032,4.43446,3.24182,0.98553,0.01099,0.38462,0.02725,0.00319,4.44071,2.245,0.79462,0.001109,0.001109,0.001109
137,480.546,4.45955,3.16474,0.97663,0.01169,0.38462,0.03858,0.00695,4.13404,2.16027,0.76836,0.0011024,0.0011024,0.0011024
138,484.135,4.36865,3.27995,1.0029,0.0094,0.35165,0.02991,0.0044,4.44884,2.25031,0.84838,0.0010958,0.0010958,0.0010958
139,487.664,4.51112,3.09717,1.00265,0.01131,0.36264,0.02409,0.00443,4.30427,2.36759,0.83069,0.0010892,0.0010892,0.0010892
140,491.276,4.52849,3.11194,0.98414,0.00927,0.27473,0.01045,0.00167,4.45876,2.69497,0.86284,0.0010826,0.0010826,0.0010826
141,494.881,4.34846,3.03205,0.97875,0.00993,0.36264,0.01374,0.00254,4.30931,2.47145,0.87095,0.001076,0.001076,0.001076
142,498.391,4.44711,3.0465,0.96956,0.01186,0.38462,0.02351,0.00432,4.26733,2.42577,0.89156,0.0010694,0.0010694,0.0010694
143,501.983,4.38974,3.01681,0.99828,0.01383,0.31868,0.01912,0.00318,4.32934,2.50871,0.87911,0.0010628,0.0010628,0.0010628
144,505.522,4.41695,3.07071,1.0133,0.0124,0.1978,0.01344,0.00184,4.57965,2.79055,0.89181,0.0010562,0.0010562,0.0010562
145,508.979,4.41376,3.07817,0.96034,0.02434,0.25275,0.01745,0.00243,4.58417,3.18674,0.87962,0.0010496,0.0010496,0.0010496
146,512.665,4.4348,3.11298,0.97585,0.02261,0.42857,0.02854,0.00643,4.00987,2.57478,0.76773,0.001043,0.001043,0.001043
147,516.336,4.26448,3.01791,0.96719,0.01766,0.46154,0.04565,0.00662,4.34424,2.18321,0.77806,0.0010364,0.0010364,0.0010364
148,519.868,4.37809,3.02046,0.967,0.02007,0.41758,0.03608,0.00555,4.38756,2.24379,0.7945,0.0010298,0.0010298,0.0010298
149,523.474,4.32647,2.9764,0.99131,0.02242,0.41758,0.02737,0.00419,4.2678,2.5025,0.80026,0.0010232,0.0010232,0.0010232
150,527.043,4.28588,3.02863,0.95984,0.02286,0.42857,0.02977,0.00554,4.13846,2.42782,0.77526,0.0010166,0.0010166,0.0010166
151,530.687,4.41444,2.95902,0.93955,0.02171,0.47253,0.05507,0.00875,4.06587,2.20322,0.71909,0.00101,0.00101,0.00101
152,534.253,4.45904,3.13979,0.95591,0.01506,0.47253,0.02077,0.00474,3.98732,2.59288,0.73215,0.0010034,0.0010034,0.0010034
153,537.811,4.40485,3.1775,0.94616,0.0115,0.46154,0.08768,0.01325,4.04679,2.24589,0.72723,0.0009968,0.0009968,0.0009968
154,541.577,4.35326,3.07774,0.97804,0.01925,0.53846,0.06284,0.01583,3.71775,2.24113,0.70401,0.0009902,0.0009902,0.0009902
155,545.266,4.46635,3.06167,0.96713,0.02895,0.47253,0.0509,0.00936,4.13521,2.1085,0.76823,0.0009836,0.0009836,0.0009836
156,548.773,4.3496,2.94616,0.98455,0.01514,0.36264,0.01452,0.00453,3.90762,2.69799,0.84325,0.000977,0.000977,0.000977
157,552.523,4.26003,2.91,0.97777,0.0202,0.41758,0.02901,0.00621,4.16908,2.44339,0.84374,0.0009704,0.0009704,0.0009704
158,556.131,4.42194,2.95912,0.92126,0.02125,0.41758,0.03434,0.00533,4.27026,2.5328,0.73766,0.0009638,0.0009638,0.0009638
159,559.815,4.5078,2.95805,0.91282,0.01725,0.40659,0.05933,0.00769,4.31705,2.18768,0.73412,0.0009572,0.0009572,0.0009572
160,563.421,4.36174,2.99573,0.93498,0.01524,0.49451,0.05414,0.01045,4.09345,2.26371,0.7334,0.0009506,0.0009506,0.0009506
161,566.87,4.226,2.98495,0.96073,0.01592,0.45055,0.03474,0.00882,3.98899,2.38533,0.72837,0.000944,0.000944,0.000944
162,570.381,4.3366,3.08873,0.96409,0.02057,0.47253,0.03102,0.00932,3.88816,2.5447,0.72945,0.0009374,0.0009374,0.0009374
163,574.019,4.31976,3.03047,0.90519,0.02248,0.48352,0.02558,0.0071,3.84425,2.68265,0.7203,0.0009308,0.0009308,0.0009308
164,577.637,4.34639,2.99511,0.92177,0.01685,0.49451,0.02984,0.00855,3.67853,2.42185,0.7675,0.0009242,0.0009242,0.0009242
165,581.197,4.30498,2.96093,0.95003,0.02121,0.49451,0.03639,0.00772,3.92989,2.48983,0.71985,0.0009176,0.0009176,0.0009176
166,584.901,4.22104,3.00894,0.93627,0.01647,0.49451,0.03912,0.00769,3.97647,2.33991,0.74776,0.000911,0.000911,0.000911
167,588.789,4.3024,2.89282,0.94369,0.01947,0.53846,0.04099,0.00836,3.80439,2.31988,0.75875,0.0009044,0.0009044,0.0009044
168,592.388,4.27964,2.80647,0.95303,0.02056,0.51648,0.04466,0.00988,3.6842,2.38727,0.74045,0.0008978,0.0008978,0.0008978
169,595.98,4.36982,2.90858,0.96399,0.02515,0.51648,0.06266,0.01514,3.61977,2.23723,0.71157,0.0008912,0.0008912,0.0008912
170,599.582,4.32436,2.92327,0.93496,0.02748,0.52747,0.06036,0.01485,3.53215,2.37015,0.72683,0.0008846,0.0008846,0.0008846
171,603.344,4.30018,2.9226,0.93462,0.02373,0.49451,0.0614,0.0138,3.77375,2.26786,0.73103,0.000878,0.000878,0.000878
172,607.318,4.24443,2.84579,0.93374,0.0188,0.43956,0.04547,0.00949,4.06321,2.23133,0.80196,0.0008714,0.0008714,0.0008714
173,611.159,4.22074,2.94114,0.94725,0.01489,0.43956,0.03839,0.00984,4.01741,2.2507,0.81023,0.0008648,0.0008648,0.0008648
174,614.853,4.3422,2.94095,0.93483,0.01541,0.45055,0.02773,0.00668,3.88196,2.46242,0.75535,0.0008582,0.0008582,0.0008582
175,618.531,4.25957,2.88772,0.94635,0.02094,0.46154,0.04397,0.00898,4.02611,2.51854,0.77979,0.0008516,0.0008516,0.0008516
176,622.109,4.26856,2.85409,0.93596,0.02311,0.48352,0.05306,0.0092,3.99201,2.37672,0.74288,0.000845,0.000845,0.000845
177,625.626,4.2658,2.90916,0.92152,0.02704,0.54945,0.05273,0.00896,3.94225,2.33733,0.69315,0.0008384,0.0008384,0.0008384
178,629.357,4.24009,2.84893,0.91798,0.02475,0.51648,0.07523,0.01219,3.99832,2.16644,0.73394,0.0008318,0.0008318,0.0008318
179,633.058,4.30524,2.8687,0.95601,0.02086,0.49451,0.03746,0.00794,3.99555,2.31848,0.7876,0.0008252,0.0008252,0.0008252
180,636.659,4.18415,2.7844,0.88913,0.01796,0.49451,0.04689,0.0084,4.04897,2.23302,0.73707,0.0008186,0.0008186,0.0008186
181,640.185,4.26789,2.8722,0.92576,0.01755,0.50549,0.04115,0.01149,3.74368,2.25673,0.73923,0.000812,0.000812,0.000812
182,643.827,4.38439,2.85193,0.93761,0.01487,0.46154,0.05233,0.01044,4.01603,2.1997,0.76446,0.0008054,0.0008054,0.0008054
183,647.456,4.24927,2.89008,0.93041,0.01177,0.50549,0.05381,0.0126,3.85474,2.17773,0.76949,0.0007988,0.0007988,0.0007988
184,651.065,4.19179,2.78619,0.89666,0.01644,0.49451,0.04835,0.00777,4.053,2.25591,0.73448,0.0007922,0.0007922,0.0007922
185,654.629,4.22654,2.85219,0.92786,0.01998,0.53846,0.0534,0.00894,4.04296,2.15153,0.75324,0.0007856,0.0007856,0.0007856
186,658.244,4.22259,2.86582,0.90685,0.02503,0.51648,0.0628,0.00955,4.16357,2.17114,0.75424,0.000779,0.000779,0.000779
187,661.826,4.19394,2.90093,0.95046,0.02083,0.48352,0.05332,0.00845,4.08469,2.23481,0.77357,0.0007724,0.0007724,0.0007724
188,665.538,4.28048,2.80574,0.95992,0.01229,0.38462,0.02653,0.00389,4.24386,2.23947,0.8197,0.0007658,0.0007658,0.0007658
189,669.139,4.18479,2.77033,0.91266,0.01368,0.43956,0.02832,0.00482,4.06162,2.2279,0.78682,0.0007592,0.0007592,0.0007592
190,672.725,4.18623,2.85747,0.93699,0.01478,0.40659,0.05632,0.01082,4.11227,2.19866,0.74484,0.0007526,0.0007526,0.0007526
191,676.393,4.14499,2.80909,0.91021,0.05814,0.0989,0.055,0.00899,3.99637,2.03707,0.74949,0.000746,0.000746,0.000746
192,680.064,4.24704,2.98636,0.94597,0.01667,0.43956,0.031,0.00604,3.81211,2.23179,0.72479,0.0007394,0.0007394,0.0007394
193,683.618,4.29596,2.85116,0.92486,0.01657,0.38462,0.02765,0.00426,4.17507,2.10032,0.72521,0.0007328,0.0007328,0.0007328
194,687.227,4.27167,2.95439,0.92213,0.02376,0.58242,0.03763,0.00891,3.57499,2.44234,0.69938,0.0007262,0.0007262,0.0007262
195,690.835,4.21355,2.71261,0.88654,0.02022,0.51648,0.03546,0.00644,3.88759,2.38462,0.72839,0.0007196,0.0007196,0.0007196
196,694.601,4.24621,2.90506,0.93868,0.01679,0.45055,0.02974,0.00594,3.98568,2.2873,0.76375,0.000713,0.000713,0.000713
197,698.174,4.15558,2.73989,0.91732,0.01489,0.34066,0.02617,0.00474,4.15011,2.30961,0.77393,0.0007064,0.0007064,0.0007064
198,701.871,4.28649,2.83149,0.91684,0.02849,0.43956,0.04012,0.00818,3.83642,2.2939,0.77545,0.0006998,0.0006998,0.0006998
199,705.548,4.2431,2.76838,0.90959,0.04268,0.46154,0.06248,0.01535,3.84364,2.73231,0.77129,0.0006932,0.0006932,0.0006932
200,709.256,4.11809,2.74081,0.93291,0.05863,0.3956,0.06706,0.01828,3.81174,3.09785,0.78202,0.0006866,0.0006866,0.0006866
201,712.981,4.04726,2.74227,0.91297,0.04655,0.54945,0.08525,0.01941,3.8805,2.52237,0.76155,0.00068,0.00068,0.00068
202,716.607,4.0688,2.70403,0.89416,0.03709,0.56044,0.0664,0.0147,3.6035,2.5215,0.74054,0.0006734,0.0006734,0.0006734
203,720.212,4.14252,2.66641,0.87602,0.03599,0.56044,0.08635,0.01947,3.82602,2.24112,0.7259,0.0006668,0.0006668,0.0006668
204,723.875,4.01969,2.75974,0.87658,0.04562,0.53846,0.07811,0.02147,3.55324,2.17787,0.6834,0.0006602,0.0006602,0.0006602
205,727.508,4.23253,2.80114,0.89796,0.10677,0.36264,0.10707,0.0243,3.65569,2.07269,0.67607,0.0006536,0.0006536,0.0006536
206,731.189,4.13494,2.73565,0.93117,0.02997,0.62637,0.09097,0.01654,3.84121,2.16145,0.66049,0.000647,0.000647,0.000647
207,734.83,4.19261,2.7231,0.90562,0.10121,0.37363,0.08966,0.0135,3.99216,1.98397,0.69448,0.0006404,0.0006404,0.0006404
208,738.409,4.03773,2.75307,0.93197,0.09944,0.18681,0.08134,0.01527,3.81935,2.10726,0.7063,0.0006338,0.0006338,0.0006338
209,742.033,4.11942,2.69185,0.90516,0.03323,0.61538,0.06855,0.01603,3.60732,2.40095,0.66541,0.0006272,0.0006272,0.0006272
210,745.793,4.18332,2.72757,0.9273,0.04562,0.6044,0.08756,0.01825,3.75413,2.23761,0.64887,0.0006206,0.0006206,0.0006206
211,749.359,4.30959,2.8419,0.9255,0.0326,0.61538,0.04919,0.01195,3.58068,2.36203,0.6396,0.000614,0.000614,0.000614
212,752.94,4.11868,2.76062,0.90688,0.03106,0.67033,0.0693,0.01349,3.65177,2.25539,0.64495,0.0006074,0.0006074,0.0006074
213,756.591,4.22314,2.78418,0.93185,0.03503,0.6044,0.05848,0.01541,3.47861,2.39196,0.66645,0.0006008,0.0006008,0.0006008
214,760.266,4.14108,2.72406,0.93196,0.03607,0.56044,0.05364,0.01148,3.92145,2.26077,0.69601,0.0005942,0.0005942,0.0005942
215,763.973,4.09158,2.61012,0.89013,0.04286,0.52747,0.05918,0.0103,4.00413,2.47557,0.69594,0.0005876,0.0005876,0.0005876
216,767.613,4.14802,2.75501,0.91894,0.04625,0.54945,0.0663,0.01051,4.02728,2.38613,0.68935,0.000581,0.000581,0.000581
217,771.215,4.08557,2.68919,0.87234,0.03772,0.53846,0.07589,0.0149,3.85585,2.32395,0.69447,0.0005744,0.0005744,0.0005744
218,774.874,4.22807,2.74154,0.90591,0.02645,0.51648,0.04656,0.01138,3.8278,2.28746,0.73242,0.0005678,0.0005678,0.0005678
219,778.428,4.19749,2.80465,0.92226,0.02451,0.54945,0.04881,0.01047,3.90448,2.15124,0.728,0.0005612,0.0005612,0.0005612
220,782.048,4.09076,2.62528,0.88154,0.02422,0.53846,0.05095,0.01158,3.90997,2.11593,0.72404,0.0005546,0.0005546,0.0005546
221,785.88,4.23991,2.73317,0.93797,0.02472,0.50549,0.05335,0.00984,3.98354,2.16756,0.7181,0.000548,0.000548,0.000548
222,789.482,3.94923,2.58045,0.87763,0.02642,0.51648,0.06199,0.01079,4.03557,2.1525,0.7096,0.0005414,0.0005414,0.0005414
223,793.085,4.08797,2.60715,0.8904,0.02201,0.48352,0.05868,0.01021,4.00852,2.05581,0.7194,0.0005348,0.0005348,0.0005348
224,796.737,4.04061,2.63647,0.91447,0.02616,0.54945,0.07108,0.01404,3.79238,2.21529,0.73266,0.0005282,0.0005282,0.0005282
225,800.38,4.17519,2.64819,0.90211,0.0239,0.49451,0.06036,0.01099,4.0293,2.13844,0.75361,0.0005216,0.0005216,0.0005216
226,804.012,4.06288,2.65232,0.91337,0.02645,0.56044,0.03919,0.01022,3.59935,2.39887,0.71115,0.000515,0.000515,0.000515
227,807.672,3.96492,2.62296,0.89343,0.03249,0.53846,0.07032,0.01364,3.91485,2.15879,0.7587,0.0005084,0.0005084,0.0005084
228,811.33,4.07882,2.62712,0.91492,0.03777,0.52747,0.06046,0.01438,3.81906,2.27293,0.74029,0.0005018,0.0005018,0.0005018
229,814.971,4.04082,2.58282,0.91691,0.03796,0.48352,0.06545,0.01651,3.85551,2.27474,0.73922,0.0004952,0.0004952,0.0004952
230,818.874,4.11563,2.60884,0.91926,0.03701,0.52747,0.07513,0.0195,3.60577,2.23207,0.69292,0.0004886,0.0004886,0.0004886
231,822.55,4.123,2.49605,0.89602,0.10891,0.37363,0.09463,0.02023,3.60457,1.945,0.67602,0.000482,0.000482,0.000482
232,826.177,4.03563,2.6684,0.91343,0.05642,0.51648,0.07427,0.01775,3.61772,2.13064,0.67834,0.0004754,0.0004754,0.0004754
233,829.972,4.0449,2.53531,0.87566,0.03734,0.56044,0.10004,0.02391,3.7471,2.24126,0.71244,0.0004688,0.0004688,0.0004688
234,833.657,3.97441,2.54676,0.89119,0.09213,0.37363,0.07646,0.01937,3.70303,2.16227,0.7345,0.0004622,0.0004622,0.0004622
235,837.357,3.96755,2.56626,0.89225,0.09394,0.23077,0.07664,0.01993,3.60459,2.1082,0.72913,0.0004556,0.0004556,0.0004556
236,841.06,4.03977,2.55056,0.89147,0.02783,0.53846,0.06839,0.01836,3.51577,2.10567,0.70229,0.000449,0.000449,0.000449
237,844.6,4.049,2.59549,0.88558,0.02715,0.53846,0.07081,0.01953,3.42942,2.07968,0.71012,0.0004424,0.0004424,0.0004424
238,848.306,3.9344,2.55303,0.90301,0.06667,0.16484,0.0742,0.01924,3.5435,1.9422,0.70608,0.0004358,0.0004358,0.0004358
239,852.035,4.06591,2.58152,0.92023,0.09683,0.31868,0.07652,0.01811,3.66617,1.90405,0.71193,0.0004292,0.0004292,0.0004292
240,855.841,3.99409,2.54595,0.88276,0.08494,0.48352,0.06351,0.01734,3.5289,2.05902,0.66934,0.0004226,0.0004226,0.0004226
241,859.471,3.95338,2.48588,0.88145,0.10986,0.38462,0.08939,0.02024,3.66204,1.93663,0.66797,0.000416,0.000416,0.000416
242,863.097,3.963,2.59457,0.87387,0.09257,0.32967,0.08166,0.021,3.63924,2.10457,0.67454,0.0004094,0.0004094,0.0004094
243,866.755,4.02208,2.53917,0.8984,0.04179,0.6044,0.10217,0.02505,3.67189,2.16241,0.6819,0.0004028,0.0004028,0.0004028
244,870.415,3.90008,2.44313,0.86788,0.0335,0.50549,0.08295,0.01838,3.79469,2.18117,0.7094,0.0003962,0.0003962,0.0003962
245,874.18,4.03203,2.61857,0.89747,0.08242,0.40659,0.07853,0.01699,3.79371,2.15253,0.70373,0.0003896,0.0003896,0.0003896
246,877.692,3.85285,2.45909,0.86446,0.11243,0.36264,0.12642,0.02677,3.70447,1.95235,0.69372,0.000383,0.000383,0.000383
247,881.482,4.1593,2.78574,0.93036,0.11466,0.27473,0.10731,0.02607,3.6452,1.97236,0.69446,0.0003764,0.0003764,0.0003764
248,885.166,3.96625,2.54135,0.87212,0.11024,0.29681,0.0915,0.02521,3.5841,2.08049,0.67453,0.0003698,0.0003698,0.0003698
249,888.664,3.92418,2.52658,0.89527,0.09881,0.42857,0.09603,0.02719,3.63179,2.03145,0.67155,0.0003632,0.0003632,0.0003632
250,892.4,4.01651,2.58013,0.89286,0.03674,0.54945,0.08628,0.0231,3.51283,2.19806,0.67174,0.0003566,0.0003566,0.0003566
251,896.004,3.95904,2.55975,0.91502,0.10727,0.41758,0.10956,0.02945,3.5294,1.97788,0.65847,0.00035,0.00035,0.00035
252,899.706,4.08499,2.55894,0.89455,0.09964,0.45055,0.06605,0.01737,3.42935,2.0885,0.62971,0.0003434,0.0003434,0.0003434
253,903.336,3.98214,2.5192,0.89795,0.09884,0.37363,0.09799,0.02246,3.56134,2.0076,0.65055,0.0003368,0.0003368,0.0003368
254,907.015,3.95474,2.54856,0.90143,0.1105,0.35165,0.08345,0.02293,3.40402,2.15697,0.67527,0.0003302,0.0003302,0.0003302
255,910.676,4.06454,2.60501,0.9055,0.10511,0.3956,0.1105,0.03241,3.36168,2.13243,0.63201,0.0003236,0.0003236,0.0003236
256,914.481,3.89589,2.66307,0.88743,0.1098,0.37363,0.10721,0.029,3.42456,2.05865,0.6126,0.000317,0.000317,0.000317
257,918.127,4.06196,2.51032,0.88425,0.10585,0.38462,0.10807,0.03012,3.40143,2.01093,0.62042,0.0003104,0.0003104,0.0003104
258,921.719,3.82301,2.36089,0.88167,0.09508,0.27473,0.09599,0.03117,3.36859,2.08896,0.62425,0.0003038,0.0003038,0.0003038
259,925.365,3.97943,2.48019,0.87778,0.12859,0.28571,0.13185,0.03371,3.38868,2.02265,0.62726,0.0002972,0.0002972,0.0002972
260,929.135,3.95972,2.53793,0.90659,0.04198,0.61538,0.0842,0.02658,3.353,2.16846,0.64039,0.0002906,0.0002906,0.0002906
261,932.696,3.92308,2.54708,0.91145,0.07562,0.15385,0.09133,0.0258,3.39297,2.19189,0.64642,0.000284,0.000284,0.000284
262,936.39,3.98419,2.54598,0.89234,0.09846,0.49451,0.10268,0.02623,3.55039,2.21384,0.64637,0.0002774,0.0002774,0.0002774
263,939.968,3.94278,2.52731,0.87634,0.04724,0.59341,0.08589,0.02535,3.59571,2.3125,0.65155,0.0002708,0.0002708,0.0002708
264,943.682,3.9325,2.57967,0.91855,0.05243,0.59341,0.08841,0.02408,3.68575,2.40341,0.65552,0.0002642,0.0002642,0.0002642
265,947.334,4.07361,2.5597,0.92577,0.05183,0.56044,0.08567,0.02346,3.72902,2.39356,0.67262,0.0002576,0.0002576,0.0002576
266,951.001,4.03834,2.52746,0.8914,0.05215,0.56044,0.07823,0.02199,3.67289,2.41734,0.66723,0.000251,0.000251,0.000251
267,954.814,3.80045,2.44478,0.89683,0.04991,0.61538,0.09089,0.02586,3.64112,2.20998,0.63464,0.0002444,0.0002444,0.0002444
268,958.552,3.81254,2.45504,0.89314,0.04073,0.61538,0.07846,0.02282,3.45213,2.23134,0.6293,0.0002378,0.0002378,0.0002378
269,962.223,3.84834,2.40722,0.88787,0.08751,0.53846,0.08531,0.02446,3.48024,2.1876,0.62856,0.0002312,0.0002312,0.0002312
270,965.86,3.92219,2.39651,0.8901,0.04239,0.61538,0.08118,0.02579,3.45787,2.24447,0.63748,0.0002246,0.0002246,0.0002246
271,969.533,3.96259,2.43335,0.87077,0.03967,0.63736,0.07164,0.02509,3.33341,2.29894,0.6281,0.000218,0.000218,0.000218
272,973.214,3.94911,2.4857,0.89073,0.03934,0.68132,0.08578,0.02314,3.47873,2.19269,0.6127,0.0002114,0.0002114,0.0002114
273,976.813,3.879,2.47354,0.86755,0.04499,0.68132,0.09561,0.02591,3.39898,2.24187,0.61408,0.0002048,0.0002048,0.0002048
274,980.508,3.85404,2.44119,0.90153,0.04957,0.62637,0.09067,0.02468,3.53069,2.38319,0.64312,0.0001982,0.0001982,0.0001982
275,984.14,3.96773,2.52848,0.90426,0.04657,0.58242,0.08358,0.02158,3.66543,2.37068,0.65514,0.0001916,0.0001916,0.0001916
276,987.834,4.00727,2.48037,0.88088,0.04404,0.56044,0.06902,0.01949,3.51494,2.47064,0.66205,0.000185,0.000185,0.000185
277,991.483,3.81313,2.37223,0.87385,0.04639,0.57143,0.07247,0.01978,3.48245,2.48833,0.65283,0.0001784,0.0001784,0.0001784
278,995.218,3.77342,2.43211,0.86458,0.04373,0.58242,0.07097,0.01972,3.4776,2.45445,0.65185,0.0001718,0.0001718,0.0001718
279,998.888,3.72015,2.42856,0.87513,0.03951,0.57143,0.05212,0.01577,3.42236,2.45312,0.65988,0.0001652,0.0001652,0.0001652
280,1002.59,3.87724,2.5053,0.9225,0.03835,0.56044,0.0646,0.01716,3.46277,2.3732,0.66248,0.0001586,0.0001586,0.0001586
281,1006.36,3.91969,2.42378,0.90485,0.04127,0.57143,0.07357,0.02006,3.39173,2.36604,0.66612,0.000152,0.000152,0.000152
282,1010.01,3.8175,2.39584,0.88712,0.04665,0.58242,0.07933,0.02381,3.41484,2.34817,0.66047,0.0001454,0.0001454,0.0001454
283,1013.62,3.81895,2.38334,0.86635,0.04876,0.58242,0.08035,0.02324,3.43015,2.38329,0.65487,0.0001388,0.0001388,0.0001388
284,1017.19,3.9086,2.41257,0.8865,0.04991,0.6044,0.09167,0.0267,3.51099,2.24083,0.6549,0.0001322,0.0001322,0.0001322
285,1020.78,3.80905,2.43729,0.89947,0.11232,0.42857,0.10497,0.029,3.54934,2.11665,0.6566,0.0001256,0.0001256,0.0001256
286,1024.41,3.89881,2.43717,0.87879,0.04044,0.57143,0.08156,0.02296,3.45913,2.2127,0.67239,0.000119,0.000119,0.000119
287,1028.06,3.87275,2.43866,0.90259,0.04031,0.57143,0.0807,0.0227,3.4968,2.1801,0.66846,0.0001124,0.0001124,0.0001124
288,1031.74,3.88739,2.38668,0.8658,0.09621,0.40659,0.08555,0.02441,3.52491,2.17366,0.65882,0.0001058,0.0001058,0.0001058
289,1035.45,3.81515,2.42927,0.87278,0.05329,0.56044,0.08217,0.0227,3.53599,2.26505,0.6584,9.92e-05,9.92e-05,9.92e-05
290,1039.3,3.84785,2.34002,0.86656,0.04454,0.56044,0.07605,0.02159,3.56808,2.31403,0.6614,9.26e-05,9.26e-05,9.26e-05
291,1071.17,3.8281,2.58405,0.92051,0.04927,0.59341,0.09907,0.02814,3.55086,2.18524,0.655,8.6e-05,8.6e-05,8.6e-05
292,1074.57,3.70541,2.57511,0.91612,0.1055,0.36264,0.11705,0.03417,3.53114,2.12982,0.65783,7.94e-05,7.94e-05,7.94e-05
293,1077.94,3.73711,2.66626,0.93964,0.13679,0.2967,0.12969,0.03592,3.51002,2.07941,0.66958,7.28e-05,7.28e-05,7.28e-05
294,1081.43,3.64477,2.32665,0.89922,0.19484,0.26326,0.1358,0.03734,3.49768,1.99102,0.67258,6.62e-05,6.62e-05,6.62e-05
295,1084.94,3.69785,2.36062,0.91423,0.23155,0.25275,0.14528,0.04063,3.43758,1.86056,0.65917,5.96e-05,5.96e-05,5.96e-05
296,1088.48,3.67901,2.41649,0.92864,0.22684,0.2967,0.15834,0.04504,3.39854,1.78945,0.64883,5.3e-05,5.3e-05,5.3e-05
297,1092.07,3.60097,2.32218,0.90931,0.20098,0.28571,0.15333,0.04133,3.39687,1.77761,0.64923,4.64e-05,4.64e-05,4.64e-05
298,1095.61,3.72155,2.25612,0.92244,0.19236,0.2967,0.13771,0.04005,3.37746,1.79014,0.64331,3.98e-05,3.98e-05,3.98e-05
299,1099.23,3.73888,2.32589,0.91966,0.16517,0.28571,0.13448,0.03912,3.3808,1.78364,0.63802,3.32e-05,3.32e-05,3.32e-05
300,1103.23,3.56706,2.23477,0.89257,0.15287,0.27473,0.12794,0.03752,3.36799,1.76882,0.63753,2.66e-05,2.66e-05,2.66e-05
